"بیمارستان"," بیمارستان/مرکز","منطقه/آدرس","ویژگی"
"بیمارستان","بیمارستان شهید محمدی","بلوار جمهوری اسلامی","بزرگترین بیمارستان دولتی"
"بیمارستان","بیمارستان سیدالشهدا","بندرعباس","بیمارستان دولتی"
"بیمارستان","بیمارستان خلیج فارس","بندرعباس","بیمارستان دولتی"
"بیمارستان","بیمارستان شریعتی","بندرعباس","بیمارستان دولتی"
"بیمارستان","بیمارستان کودکان بندرعباس","بندرعباس","تنها بیمارستان کودکان استان"
"بیمارستان","بیمارستان سینا","بندرعباس","بیمارستان خصوصی"
"بیمارستان","بیمارستان نورنجات","بندرعباس","بیمارستان خصوصی"
"بیمارستان","بیمارستان ماتینی","بندرعباس","بیمارستان خصوصی"
"بیمارستان","بیمارستان امام خمینی (پایگاه اورژانس)","بندرعباس","پایگاه اورژانس 115"
"بیمارستان","کلینیک تخصصی شهید رجایی","نزدیک بندر شهید رجایی","خدمات درمانی کارکنان بندر"
"مرکز خرید"," مرکز خرید/بازار","موقعیت","ویژگی"
"مرکز خرید","بازار سنتی بندرعباس","بلوار طالقانی، مقابل اسکله شهید حقانی","ادویه، صنایع دستی، لباس محلی، گلابتون‌دوزی"
"مرکز خرید","بازار ماهی بندرعباس","انتهای بازار سنتی، بلوار طالقانی","ماهی تازه، میگو، خرچنگ، صدف"
"مرکز خرید","سیتی سنتر بندرعباس","بلوار پاسداران","سوغاتی، لباس، عطر"
"مرکز خرید","بندرعباس مال","منطقه 1، شرق بندرعباس","بزرگترین مرکز خرید، سینما، فودکورت، پارکینگ"
"مرکز خرید","مجتمع ستاره جنوب","بلوار طالقانی","سینما، شهربازی سرپوشیده، رستوران"
"مرکز خرید","مجتمع ستاره شهر","خیابان 4 باغ، خیابان بهادر شمالی","طلا و جواهر، برندهای لوکس"
"مرکز خرید","زیتون مال","تقاطع خیابان زیتون","لباس، کفش، تجهیزات شکار، عکاسی"
"مرکز خرید","سیتی استار کمپلکس","نزدیک سیتی سنتر","سینما، رستوران، فست‌فود"
"مرکز خرید","هایپراستار (در بندرعباس مال)","داخل بندرعباس مال","مواد غذایی، لوازم روزانه"
"مرکز خرید","بازار لارستانی","بندرعباس","کالاهای محلی"
"پارک"," پارک/مکان تفریحی","موقعیت","ویژگی"
"پارک","پارک ساحلی بندرعباس","ساحل شهر","پیاده‌رو ساحلی، محوطه پیک‌نیک، ورزش"
"پارک","باغ پرندگان بندرعباس","بندرعباس","گونه‌های متنوع پرندگان"
"پارک","ساحل لارک","نزدیک بندرعباس","ساحل شنی، طبیعت بکر"
"پارک","پارک جنگلی هرمزگان","بندرعباس","فضای سبز، محوطه استراحت"
"پارک","استادیوم تختی","بندرعباس","ورزشگاه اصلی فوتبال"
"پارک","استادیوم شهید بهشتی","بندرعباس","ورزشگاه چندمنظوره"
"پارک","سینما ستاره جنوب","مجتمع ستاره جنوب","سالن سینمای مدرن"
"پارک","سینما بندرعباس مال","بندرعباس مال","سالن سینمای مدرن"
"پارک","شهربازی ستاره جنوب","مجتمع ستاره جنوب","شهربازی سرپوشیده"
"پارک","اسکله شهید حقانی","بلوار طالقانی","اسکله اصلی مسافری و تجاری"
"پارک","اسکله شهید رجایی","غرب بندرعباس","بندر کانتینری"
"پارک","اسکله مسافربری (قشم و هرمز)","نزدیک بندر","لنگرگاه قایق‌های مسافربری"
"پارک","معبد هندوها","بندرعباس","معبد هندوهای ساکن بندرعباس"
"پارک","حمام گله‌داری","بندرعباس","حمام تاریخی دوره قاجار"
"پارک","امامزاده سید مظفر","بندرعباس","زیارتگاه محلی"
"دانشگاه"," دانشگاه","موقعیت","رشته‌های اصلی"
"دانشگاه","دانشگاه هرمزگان","بندرعباس","مهندسی، علوم پایه، علوم انسانی، کشاورزی"
"دانشگاه","دانشگاه علوم پزشکی و خدمات بهداشتی درمانی بندرعباس","بندرعباس","پزشکی، دندانپزشکی، داروسازی، پرستاری"
"دانشگاه","دانشگاه آزاد اسلامی واحد بندرعباس","بندرعباس","مهندسی، علوم انسانی، هنر"
"دانشگاه","دانشگاه پیام نور هرمزگان","بندرعباس","علوم انسانی، مهندسی، علوم پایه"
"دانشگاه","دانشگاه علمی کاربردی واحد بندرعباس","بندرعباس","کاردانی و کارشناسی علمی-کاربردی"
"دانشگاه","دانشگاه صنعتی امیرکبیر (شعبه بندرعباس)","بندرعباس","مهندسی صنایع، دریانوردی"
"صنعت"," واحد صنعتی/اقتصادی","موقعیت","نوع فعالیت"
"صنعت","مجتمع کشتی‌سازی و صنایع فراساحل ایران (ISOICO)","غرب بندرعباس","کشتی‌سازی، تعمیرات، سازه‌های دریایی"
"صنعت","پالایشگاه نفت بندرعباس","بندرعباس","پالایش نفت خام"
"صنعت","مجتمع پتروشیمی بندرعباس","بندرعباس","تولید محصولات پتروشیمی"
"صنعت","آلومینیوم المهدی","بندرعباس","تولید شمش آلومینیوم"
"صنعت","فولاد هرمزگان","بندرعباس","تولید فولاد"
"صنعت","بندر شهید رجایی","غرب بندرعباس","تخلیه و بارگیری کانتینر"
"صنعت","بندر شهید باهنر","بندرعباس","تخلیه و بارگیری عمومی"
"صنعت","منطقه ویژه اقتصادی بندرعباس","اطراف بندرعباس","منطقه آزاد تجاری-صنعتی"
"صنعت","بازار ماهی و میگو","بازار ماهی","صید و فروش آبزیان"
"صنعت","بازار صنایع دستی","بازار سنتی","تولید و فروش صنایع دستی"
"مکان مذهبی"," مکان","موقعیت","ویژگی"
"مکان مذهبی","مسجد جامع بندرعباس","مرکز شهر","مسجد اصلی شهر"
"مکان مذهبی","مسجد امام خمینی","بندرعباس","مسجد بزرگ"
"مکان مذهبی","مسجدالنبی","بندرعباس","مسجد محلی"
"مکان مذهبی","امامزاده سید مظفر","بندرعباس","زیارتگاه مهم"
"مکان مذهبی","امامزاده سید محمد","بندرعباس","زیارتگاه"
"مکان مذهبی","معبد هندوها","بندرعباس","معبد قدیمی هندوهای ساکن بندرعباس"
"مکان مذهبی","کلیسای ارامنه","بندرعباس","کلیسای ارامنه ساکن"
"مکان مذهبی","حسینیه مرکزی","بندرعباس","مرکز برگزاری مراسم عزاداری"
"مکان مذهبی","تکیه بزرگ","بندرعباس","تکیه قدیمی"
"مکان مذهبی","آرامستان وادی رحمت","بندرعباس","آرامستان اصلی شهر"
